Lyhenne,Lentoasema,"Lämpötila, C",Metadata
CAN  ZGGG,Guangzhou Baiyun International Airport,35.0,METAR Z
KNX  YPKU,East Kimberley Regional (Kununurra) Airport,35.0,METAR YPKU 2Z
HAN  VVNB,Noi Bai International Airport,35.0,METAR VVNB 2Z
HUI  VVPB,Phu Bai International Airport,35.0,METAR VVPB 2Z
UPG  WAAA,Hasanuddin International Airport,35.0,METAR WAAA 2Z
KTR  YPTN,Tindal Airport,35.0,METAR YPTN 2Z
PLM  WIPP,Sultan Mahmud Badaruddin II Airport,35.0,METAR WIPP 2Z
KUL  WMKK,Kuala Lumpur International Airport,34.0,METAR WMKK 2Z
KCH  WBGG,Kuching International Airport,34.0,METAR WBGG 2Z
AUH  OMAA,Zayed International Airport,34.0,METAR OMAA 2Z
DXB  OMDB,Dubai International Airport,34.0,METAR OMDB 2Z
DAD  VVDN,Da Nang International Airport,34.0,METAR VVDN 2Z
SGN  VVTS,Tan Son Nhat International Airport,34.0,METAR VVTS 2Z
WAHS,,34.0,METAR WAHS 2Z
AYQ  YAYE,Ayers Rock Connellan Airport,34.0,METAR YAYE 2Z
RMQ  RCMQ,Taichung International Airport / Ching Chuang Kang Air Base,34.0,METAR RCMQ 2Z
TPE  RCTP,Taiwan Taoyuan International Airport,34.0,METAR RCTP 2Z
DIA  OTBD,Doha International Airport,34.0,METAR OTBD 2Z
MDC  WAMM,Sam Ratulangi Airport,34.0,METAR WAMM 2Z
UMR  YPWR,Woomera Airfield,34.0,METAR YPWR 2Z
PNK  WIOO,Supadio Airport,34.0,METAR WIOO 2Z
LOP  WADL,Lombok International Airport,34.0,METAR WADL 2Z
IXI  VELR,Lilabari North Lakhimpur Airport,33.0,METAR VELR 2Z
ASU  SGAS,Aeropuerto Internacional Silvio Pettirossi,33.0,METAR SGAS 2Z
KLO  RPVK,Kalibo International Airport,33.0,METAR RPVK 2Z
NNG  ZGNN,Nanning Wuxu Airport,33.0,METAR Z
TWU  WBKW,Tawau Airport,33.0,METAR WBKW 2Z
KUA  WMKD,Kuantan Airport,33.0,METAR WMKD 2Z
MKZ  WMKM,Malacca International Airport,33.0,METAR WMKM 2Z
WBGY,,33.0,METAR WBGY 2Z
MEP  WMAU,Mersing Airport,33.0,METAR WMAU 2Z
SWY  WMBA,Sitiawan Airport,33.0,METAR WMBA 2Z
KBR  WMKC,Sultan Ismail Petra Airport,33.0,METAR WMKC 2Z
IPH  WMKI,Sultan Azlan Shah Airport,33.0,METAR WMKI 2Z
GES  RPMR,General Santos International Airport,33.0,METAR RPMR 2Z
CRK  RPLC,Clark International Airport / Clark Air Base,33.0,METAR RPLC 2Z
DOH  OTHH,Hamad International Airport,33.0,METAR OTHH 2Z
BAH  OBBI,Bahrain International Airport,33.0,METAR OBBI 2Z
SZB  WMSA,Sultan Abdul Aziz Shah International Airport,33.0,METAR WMSA 2Z
TCR  VOTK,Tuticorin Airport,33.0,METAR VOTK 2Z
XMN  ZSAM,Xiamen Gaoqi International Airport,33.0,METAR Z
URT  VTSB,Surat Thani Airport,33.0,METAR VTSB 2Z
CEB  RPVM,Mactan Cebu International Airport,33.0,METAR RPVM 2Z
MNL  RPLL,Ninoy Aquino International Airport,33.0,METAR RPLL 2Z
TIR  VOTP,Tirupati Airport,33.0,METAR VOTP 2Z
